image_id,both,E1_only,E3_only,neither
114,3,0,0,1
174,5,0,0,0
178,1,0,1,1
228,7,1,0,3
256,8,2,1,1
296,15,2,7,4
390,9,0,1,0
417,8,1,1,1
446,2,1,0,2
552,11,1,0,0
672,5,1,0,4
693,12,3,2,1
694,13,1,1,2
739,9,0,0,0
899,12,3,0,1
918,7,1,1,0
923,5,1,0,3
946,10,0,0,1
954,7,0,1,1
1025,7,0,0,1
1040,4,0,0,0
1195,19,2,1,9
1301,15,1,1,3
1319,13,3,3,8
1420,3,0,0,0
1428,3,0,0,1
1529,3,0,2,1
1629,6,0,1,4
1652,20,1,2,0
1917,9,0,0,1
1948,6,0,0,1
1974,8,1,0,0
2082,15,1,1,3
2123,5,0,0,3
2190,11,0,2,6
2191,8,0,3,3
2212,14,1,0,1
2218,8,0,0,2
2311,2,0,3,2
2328,18,0,0,2
2413,12,2,0,1
2419,5,1,0,0
2475,10,0,1,0
2553,3,0,0,1
2630,6,1,1,1
2658,6,0,0,1
2660,2,1,0,1
2666,8,0,0,1
2863,20,2,1,5
2934,12,1,0,1
3363,5,0,0,0
3384,12,1,0,4
3389,18,2,1,6
3390,14,0,2,7
3543,12,1,0,2
3553,7,1,0,5
3561,7,3,0,0
3610,10,1,2,0
3676,2,1,1,4
3687,8,0,2,3
3738,10,1,1,4
3873,9,2,2,4
3906,21,0,4,1
3907,11,3,1,3
3968,8,1,2,2
3969,10,1,2,5
4001,23,1,0,1
4102,8,1,0,0
4161,3,0,2,2
4232,8,0,1,1
4298,11,0,1,1
4552,7,3,0,2
4566,11,1,1,0
4575,2,0,1,0
4628,4,0,0,2
4650,5,0,0,0
4668,6,0,1,2
4711,7,1,0,1
4728,6,0,0,2
4732,6,0,0,1
4733,6,0,0,2
4757,11,1,4,5
4805,8,0,1,0
4882,12,2,0,0
4888,8,1,1,3
4998,23,2,8,5
5052,10,1,0,4
5057,13,1,2,3
5074,8,1,1,3
5078,4,0,2,0
5085,9,1,1,0
5238,0,0,1,1
5247,4,2,2,0
5251,9,1,2,1
5256,8,2,0,0
5257,8,1,0,2
5313,11,0,3,1
5402,9,0,0,0
5406,3,0,0,2
5486,11,0,0,2
5517,8,1,1,0
5519,2,0,0,1
5542,24,5,2,4
5624,4,0,1,1
5779,9,2,2,8
5827,18,0,0,1
5850,5,0,1,1
6008,11,0,1,4
6030,1,1,0,0
6139,10,1,1,2
6140,14,0,2,8
6643,9,1,1,2
6763,6,0,1,0
6767,6,0,1,0
6784,5,2,1,5
6792,6,3,3,3
6806,5,0,1,3
6882,18,3,0,2
6905,4,1,0,2
6924,10,1,1,2
6995,6,0,0,2
6996,6,0,2,1
7032,7,0,0,1
7179,30,1,0,0
7354,3,0,1,0
7392,2,1,2,0
7394,3,0,0,0
7461,2,1,0,4
7526,2,1,0,3
7610,4,1,0,3
7693,9,0,0,0
7790,10,2,2,2
7817,6,1,1,3
7992,9,0,1,1
8208,8,0,1,0
8221,11,0,0,0
8232,10,0,1,1
8315,33,6,6,3
8338,3,0,0,3
8558,5,0,3,0
8592,3,0,0,2
8638,5,2,0,1
8669,2,0,0,4
8734,16,0,1,2
8795,14,3,3,0
8921,7,0,0,2
9205,9,3,0,2
9281,22,0,3,0
9447,3,0,1,2
9590,10,0,6,0
9677,14,1,1,3
9686,16,2,0,2
9746,5,0,0,0
9825,22,0,1,1
9837,1,1,0,0
9900,16,0,1,2
9906,9,0,0,1
9911,10,1,1,5
9947,8,1,1,1
9990,14,4,3,4
10000,9,2,0,4
10002,4,1,0,1
10066,10,0,2,0
10139,13,1,1,1
10150,11,0,2,4
10284,11,1,1,2
10310,13,2,1,2
10338,10,0,1,7
10380,15,1,2,3
10433,20,3,1,1
10451,11,2,1,5
10457,11,2,2,0
10546,25,1,3,5
10689,2,0,1,2
10728,12,0,1,2
10786,3,0,0,0
10817,12,0,0,0
10905,12,0,1,1
10985,27,3,0,1
11027,2,0,0,2
11093,25,6,2,11
11108,6,0,0,1
11130,10,3,0,5
11166,3,0,1,3
11197,15,2,1,1
11220,5,0,0,0
11382,14,2,1,1
11427,1,0,0,0
11559,15,2,1,1
11561,14,0,0,0
11595,29,2,1,4
11759,19,1,3,5
11779,8,0,0,2
11824,16,1,0,5
11991,4,0,0,2
12001,8,0,0,1
12013,2,0,1,2
12045,14,0,3,1
12183,7,0,2,2
12275,5,1,1,2
12297,16,0,1,1
12349,3,0,0,1
12352,7,1,1,1
12433,4,0,1,1
12504,9,0,3,0
12592,11,3,0,3
12664,4,1,2,0
12712,6,0,0,2
12771,13,0,1,4
12871,3,0,0,1
12888,4,0,0,0
13122,16,1,3,0
13135,20,2,1,2
13233,5,0,0,1
13283,8,0,1,0
13393,8,1,2,1
13414,9,0,0,0
13460,1,1,0,0
13472,2,0,1,1
13490,3,1,0,0
13509,5,1,2,1
13575,6,0,0,2
13579,13,2,0,3
13654,12,1,1,2
13708,8,1,0,1
13774,9,0,0,1
13779,9,3,2,1
13983,9,2,0,7
13993,11,3,4,7
14011,15,1,2,3
14016,13,0,0,7
14042,4,0,0,0
14087,17,1,0,1
14098,4,2,1,0
14141,3,2,0,3
14154,7,0,0,0
14195,2,0,2,3
14210,2,0,0,2
14215,2,3,2,0
14226,19,0,0,2
14270,7,1,1,1
14348,11,4,2,4
14588,9,0,0,0
14616,4,0,1,8
14635,6,0,1,2
14641,2,0,0,1
14663,4,0,0,1
14755,25,1,1,1
14873,4,0,0,0
14879,13,1,3,3
15061,4,0,1,3
15092,13,0,1,0
15149,18,5,1,2
15233,8,1,1,3
15261,3,1,2,2
15328,15,0,1,1
15338,4,0,0,0
15357,1,0,0,0
15432,7,0,0,0
15434,1,0,2,2
15551,12,0,1,4
15612,6,0,0,0
15669,9,0,0,2
15708,11,2,1,3
15770,16,1,0,0
15826,3,0,0,1
15893,7,4,2,3
15927,6,0,0,0
15930,15,2,0,5
15935,19,4,2,1
15995,14,2,1,1
16014,10,0,7,5
16044,10,0,2,3
16091,12,0,0,1
16099,10,1,0,0
16149,2,0,0,1
16237,7,0,0,0
16385,8,1,3,4
16386,8,2,1,0
16422,6,0,0,3
16524,10,4,0,2
16548,12,0,3,0
16616,19,3,2,1
16622,13,1,1,1
16646,9,0,2,2
16678,16,2,0,3
16724,21,1,0,1
16734,12,2,2,3
16843,7,0,1,0
16913,4,1,1,0
16969,4,1,1,1
17047,5,2,2,5
17058,10,1,1,4
17064,5,1,2,2
17280,11,1,0,2
17302,4,1,0,2
17310,20,3,3,7
17459,3,0,0,1
17515,15,2,3,3
17568,1,1,0,2
17569,3,0,0,3
17602,8,2,0,2
17643,11,2,2,1
17695,7,1,0,2
17715,17,1,0,1
17745,21,0,3,2
17778,9,1,0,0
17879,9,0,0,1
17881,15,3,3,3
17974,17,7,1,1
17986,13,2,1,5
17987,26,3,3,7
18062,10,1,1,1
18073,5,1,1,4
18122,23,1,1,3
18188,11,0,2,2
18217,5,0,1,0
18233,1,0,0,1
18259,6,0,1,1
18293,4,0,0,0
18323,14,1,2,2
18340,7,0,2,1
18412,8,0,1,2
18422,5,0,1,0
18579,14,2,0,0
18587,3,0,0,1
18594,27,3,2,2
18604,4,1,0,0
18625,6,1,1,2
18714,3,1,1,3
18813,5,0,0,3
18895,8,1,1,2
18942,6,0,1,0
18994,3,3,0,3
19031,13,2,1,4
19049,13,1,4,6
19057,22,1,1,3
19086,8,2,1,2
19112,27,1,2,4
19129,2,0,0,3
19173,0,0,1,0
19183,29,3,0,3
19206,12,3,0,2
19250,1,3,0,1
19256,11,2,3,3
19266,23,4,1,11
19334,16,2,3,0
19348,0,0,1,0
19459,4,0,2,3
19503,10,1,2,1
19547,11,2,2,0
19604,1,0,1,1
19611,3,0,1,0
19645,21,2,0,7
19657,15,1,1,0
19711,9,1,1,2
19737,12,2,2,3
19776,9,0,1,1
19778,10,1,4,0
19801,8,0,0,1
19814,8,1,0,3
19835,6,0,1,1
19921,6,3,0,1
19965,4,0,0,0
19996,4,1,1,1
20036,10,0,0,1
20054,9,0,0,1
20124,2,0,1,2
20153,8,0,1,0
20180,7,0,0,1
20191,13,1,4,3
20269,24,4,4,5
20276,2,0,0,1
20314,23,4,1,11
20348,5,1,0,0
20374,16,2,3,0
20410,1,0,0,2
20461,6,0,0,3
20536,11,0,1,0
20590,5,0,1,1
20655,7,1,2,2
20671,18,1,3,2
20694,4,1,0,2
20790,4,2,0,1
20835,6,0,1,0
20929,9,0,3,2
20953,6,0,0,0
21081,16,1,2,3
21083,13,0,2,2
21103,16,1,1,3
21162,1,0,1,0
21225,9,0,1,2
21325,2,0,0,3
21564,13,0,0,3
21566,32,7,3,6
21592,9,1,1,1
21621,25,3,6,6
21625,19,1,4,2
21627,2,3,1,2
21642,2,1,0,1
21645,12,3,4,4
21677,0,1,1,0
21699,9,0,0,1
21755,14,2,0,2
21756,16,1,0,2
21781,3,1,1,1
21833,4,0,1,1
21904,10,2,3,4
21934,13,3,1,3
21976,3,0,1,1
22054,6,0,0,2
22071,6,0,1,0
22079,6,0,0,0
22081,11,2,0,2
22180,2,2,0,0
22195,3,0,1,1
22250,2,1,0,0
22259,8,0,0,1
22297,4,0,0,1
22303,11,2,2,0
22330,3,0,0,1
22335,13,1,2,4
22344,13,1,0,1
22433,7,1,1,2
22502,7,1,0,1
22556,11,0,2,2
22808,14,0,0,1
22821,12,1,1,2
22856,6,0,0,1
22907,10,1,0,1
23078,14,2,1,3
23138,4,0,1,1
23167,2,0,0,0
23233,10,1,1,3
23236,10,0,0,1
23275,1,0,0,1
23321,16,1,1,4
23385,0,0,1,2
23419,0,1,1,0
23684,9,1,2,0
23772,8,1,1,2
23843,15,1,2,5
23893,17,2,0,6
23909,3,1,1,3
23937,3,0,1,1
23959,11,3,1,0
24109,12,1,1,0
24163,9,0,2,0
24307,12,0,0,2
24391,20,1,0,2
24397,14,1,2,6
24438,5,0,0,3
24454,9,1,1,4
24698,6,0,1,1
24740,8,0,0,3
24765,4,2,0,2
24829,10,0,2,0
24895,3,0,0,0
24932,6,0,0,0
25014,0,0,0,1
25125,1,0,1,0
25165,1,1,0,0
25172,3,0,0,0
25178,2,0,0,0
25183,2,0,0,0
25192,1,0,0,1
25265,4,1,0,1
25267,1,0,0,2
25369,2,0,0,2
25380,3,0,0,0
25394,2,1,0,0
25420,5,0,0,0
25531,3,1,0,0
25587,2,0,0,1
25632,5,0,0,0
25710,1,0,0,1
25753,1,0,0,1
25788,3,1,2,2
25804,2,0,0,0
25815,1,0,0,1
25856,2,0,0,0
25859,1,0,2,0
25930,7,0,0,0
25953,2,0,1,0
25983,3,0,1,0
26023,1,0,3,0
26083,4,1,2,0
26111,1,1,1,0
26133,1,0,0,0
26155,10,0,0,1
26237,3,2,0,0
26272,1,0,0,0
26304,1,0,0,0
26309,5,0,0,1
26319,3,0,1,1
26363,4,0,0,3
26377,9,1,1,3
26439,10,1,1,2
26527,3,0,1,0
26599,3,0,2,1
